DisplayName,ImageName,ChannelLink,ImageLink
TheKellyYang,245818642_545979776499862_2265310688681345141_n,https://www.youtube.com/channel/UCZxPrEAHOkNdS2FkaLIGniw,
千千進食中,240170809_2162720590526750_7399236416585845606_n,https://www.youtube.com/channel/UC9i2Qgd5lizhVgJrdnxunKw,
snowbabay瑞雪,246056387_287653963182832_4926935473489338176_n,https://www.youtube.com/channel/UC7Po54tNbXvhhFfzY6u97AQ,
It's Jcnana 蒨蒨,232952589_2980945835512999_709049327853968959_n,https://www.youtube.com/c/ItsJcnanas,
GINA HELLO!,244690931_551933732557087_1721175073451148484_n,https://www.youtube.com/c/ginashih,
飽妮,221838032_353993802927732_6175799037131710766_n,https://www.youtube.com/c/%E9%A3%BD%E5%A6%AE,
重量級-家寧,220171143_4448351888548728_8467764700205756106_n,https://www.youtube.com/channel/UC3LBFXbWtEBdOOUb8-qJm9Q,
Natalie吳斐莉,210827022_215143303800297_8853688883336526052_n,https://www.youtube.com/channel/UCg_EhWLnff2uGDwqNeki7PA,
本本,241029418_983256915923612_8724752562973914833_n,https://www.youtube.com/channel/UCiiS3Rp6cLZs4qmM3lb8H2A,
安啾咪,117346422_157606145921752_4877729818309494169_n,https://www.youtube.com/c/anjouclever103,
仇仇qiuqiu,82649970_2231699473802253_434159770565189960_n,https://www.youtube.com/channel/UCXR5SpQybBl6gqN0cR_4Irw,
heyitsmindy,241834962_373889050863565_482235938024655651_n,https://www.youtube.com/c/heyitsmindyy,
163braces,174409289_893373154561504_6289254498333979287_n,https://www.youtube.com/channel/UCnmeiFVqv64lAmVaw2PUm7w,
Skimmy你的網路閨蜜,241182651_167679725439806_1419996355827098072_n,https://www.youtube.com/channel/UCPQHNRYnByAjrvNrp4jTnug,
朱綺綺,245196830_1083761872364221_8637161376594038336_n,https://www.youtube.com/channel/UC0G6_6cFX7TU1dTFiluNDAQ,
韓勾ㄟ金針菇,243476537_128883919490738_6881299101356057_n,https://www.youtube.com/c/ggukim,
阿心Liao,,,
I'm Charlie(查理),,,
我是蕾菈I'm Lyla,,,
Cindy H,,,
黃小米Mii,,,
愛莉莎莎Alisasa,,,
白癡公主,,,
壹加壹-ILLY,,,
左撇子Blaire,,,
一隻阿圓I am CIRCLE,,,
劉力穎Liying Liu,,,
Astor,,,
滴妹,,,
Julia咪妃,,,
瑀熙Yuci,,,
這群人-茵聲,,,
二伯,,,
居妮Ginny Daily,,,
Mira's Garden,,,
沛莉一家闖美國,,,
球球Mika,,,
Cara Wu,,,
Meg Lu,,,
美麗妄娜,,,
Hello Catie,,,
好味小姐Lady Flavor,,,
Aries艾瑞絲,,,
MaoMao TV,,,
葛瑞絲Gracee,,,
魚乾,,,
奎丁Zamy,,,
Ksnancy,,,
那個女生kiki,,,
craziejulia,,,
上班不要看-關關,,,
MONROE夢露,,,
Lo-Fi House Sil,,,
Sharapaygaga,,,
Selina Beauty(雅勻),,,
這群人-木星,,,
安安邊緣子-阿民,,,
4M8ER,,,
老高與小茉-小茉,,,
欸你這週要幹嘛-Ariel,,,
HOOK,,,
Celeste Wu 大沛,,,
丹妮婊姐星球,,,
Erin's Diary 艾琳的日常,,,
理科太太Li Ke Tai Tai,,,
Lo-Fi House Shan,,,
Serene Vitale,,,
Jessica Lin,,,
尼克&ASHLY-Ashly,,,
泥泥汝,,,
梅根Megan,,,
福爾斯庭,,,
大饅大力,,,
Something Shelley,,,
tang_ful ,,,
木耀4超玩-泱泱,,,
Goldfish Brain金魚腦,,,
潔西卡Jessica,,,
技安 CHI AN,,,
一枝南南,,,
這群人-董仔,,,
旅行YJ,,,
到處都是瘋女人-Apple,,,
lizzydaily,,,
Ryuuuu TV -Yuma,,,
Audrey英國留學筆記,,,
欸你這週要幹嘛-小粉紅,,,
籃籃,,,
路路LULU,,,
屏屏 Ping,,,
Oh Emma,,,
虎牙陳伊,,,
Meng Mao,,,
Dumpling Soda(彤彤),,,
Weartoeatiff,,,
波痞到底是在幹嘛?,,,
coffee tea & Jane,,,
莫彩曦Hailey,,,
wshusen(舒森),,,
機智的黨妹,,,
最近紅甚麼-丫丫,,,
itsAmanda!,,,
可可酒精,,,
媛媛,,,
找蔬食Traveggo-Hao,,,
小日刀口,,,
Anny Shi ,,,
Queena安安兒,,,
Honeyliciousss天菜娘娘,,,
Renasteps(劉虞佳),,,
瑪G Wild Lifestyle,,,
眼肉芽,,,
小葵 XiaoKui,,,
馬上來搗蛋!-琳蛋,,,
閃亮胖時代-佳沁,,,
小熱唱-王彥之,,,
鴨鴨,,,
古娃娃WawaKu,,,
多莉Gingerdeer,,,
TheKellyYang,,,
Serene Vitale(捨蘭),,,
tang_ful(湯),,,
見習網美小吳-yoyo,,,
陳彥婷Tiffany,,,
強運少女RU,,,
欸你這週要幹嘛-妹妹,,,
小熱唱-王虹之,,,
焦凡凡fanfan,,,
子时当归,,,
Sandykaka,,,
花花 Leda zeng,,,
木曜4超玩-溫妮,,,
上班不要看-麻希,,,
Ms.Silina,,,
ElenaLin_青青,,,
海恩奶油 HeinCream,,,
Vicky Soupsss,,,
Agnes Wu,,,
閱部客-水仹刀,,,
Hey It's Dena,,,
解婕翎,,,
ClumsyCynthia 黃可樂,,,
歐陽娜娜,,,